,date,SentimentScore
0,2017-01-01,0.10961199119911992
1,2017-01-02,0.11814704944178628
2,2017-01-03,0.09764629535002556
3,2017-01-04,0.08815139744197063
4,2017-01-05,0.08402905611135277
5,2017-01-06,0.051907671138630894
6,2017-01-07,0.0839567471590909
7,2017-01-08,0.09185258449304175
8,2017-01-09,0.11869763803680981
9,2017-01-10,0.10416558929154424
10,2017-01-11,0.08424899082568807
11,2017-01-12,0.13727611637347767
12,2017-01-13,0.1367930081300813
13,2017-01-14,0.14758003182179794
14,2017-01-15,0.140711295971979
15,2017-01-16,0.1109334975369458
16,2017-01-17,0.07194733081126524
17,2017-01-18,0.09825947571981092
18,2017-01-19,0.09508862536302033
19,2017-01-20,0.1339139837398374
20,2017-01-21,0.12131024978466841
21,2017-01-22,0.0874566077738516
22,2017-01-23,0.033521357111787733
23,2017-01-24,0.08658079854809438
24,2017-01-25,0.09693672240802675
25,2017-01-26,0.10209486148346739
26,2017-01-27,0.09591725105189342
27,2017-01-28,0.10873489392831018
28,2017-01-29,0.08033353783231084
29,2017-01-30,0.10198393118594436
30,2017-01-31,0.09963954303336137
31,2017-02-01,0.08652500441618088
32,2017-02-02,0.09247852845904674
33,2017-02-03,0.07025644768856448
34,2017-02-04,0.08473481727574751
35,2017-02-05,0.1051586284853052
36,2017-02-06,0.055000523076923075
37,2017-02-07,0.1133002144772118
38,2017-02-08,0.08869148197596796
39,2017-02-09,0.101789205444761
40,2017-02-10,0.05954809364548495
41,2017-02-11,0.09605233393177738
42,2017-02-12,0.10614718242597898
43,2017-02-13,0.07910096545805621
44,2017-02-14,0.12253669240911659
45,2017-02-15,0.11003624579932789
46,2017-02-16,0.07400577338684779
47,2017-02-17,0.061714696253182974
48,2017-02-18,0.13519958847736627
49,2017-02-19,0.09192502099076406
50,2017-02-20,0.09469360158311345
51,2017-02-21,0.052459343936381714
52,2017-02-22,0.06678924731182796
53,2017-02-23,0.08700880392844616
54,2017-02-24,0.05534565784569512
55,2017-02-25,0.17442519970951345
56,2017-02-26,0.13048940594059405
57,2017-02-27,0.09898626345463864
58,2017-02-28,0.09375629197080292
59,2017-03-01,0.0952594272753048
60,2017-03-02,0.1022158178752108
61,2017-03-03,0.07825984990619136
62,2017-03-04,0.11912659898477158
63,2017-03-05,0.1393422852376981
64,2017-03-06,0.11323530505952381
65,2017-03-07,0.11967613890963406
66,2017-03-08,0.09763571428571428
67,2017-03-09,0.10667346241457858
68,2017-03-10,0.07159553868058852
69,2017-03-11,0.10863307839388145
70,2017-03-12,0.12730859277708595
71,2017-03-13,0.09326339869281046
72,2017-03-14,0.041836149471974005
73,2017-03-15,0.06219914059814369
74,2017-03-16,0.06002658029053789
75,2017-03-17,0.07886148218829517
76,2017-03-18,0.13616113837095192
77,2017-03-19,0.08994955257270694
78,2017-03-20,0.06414652098907418
79,2017-03-21,0.10366964522860939
80,2017-03-22,0.07296858576911722
81,2017-03-23,0.10098622511174318
82,2017-03-24,0.044093696763202725
83,2017-03-25,-0.052761527057079316
84,2017-03-26,-0.02165861486486486
85,2017-03-27,0.0836597249508841
86,2017-03-28,0.1310265415549598
87,2017-03-29,0.09663060109289617
88,2017-03-30,0.09896934001670844
89,2017-03-31,0.08735814234016888
90,2017-04-01,0.12296161417322835
91,2017-04-02,0.0763232426303855
92,2017-04-03,0.06937944634053848
93,2017-04-04,0.07006248153618906
94,2017-04-05,0.07501319111885069
95,2017-04-06,0.09222406657669815
96,2017-04-07,0.07250314136125655
97,2017-04-08,0.13900243337195828
98,2017-04-09,0.07466282051282051
99,2017-04-10,0.09464371584699453
100,2017-04-11,0.05860330508474576
101,2017-04-12,0.06469464201043149
102,2017-04-13,0.05491401869158879
103,2017-04-14,0.09880272606382978
104,2017-04-15,0.09418475609756097
105,2017-04-16,0.061992358803986715
106,2017-04-17,0.06231234162365087
107,2017-04-18,0.07062943290734824
108,2017-04-19,0.07185972890249234
109,2017-04-20,0.06550428832116788
110,2017-04-21,0.07810065731814197
111,2017-04-22,0.10584952153110049
112,2017-04-23,0.06134289732770746
113,2017-04-24,0.07502678494158373
114,2017-04-25,0.08071482281763181
115,2017-04-26,0.12731779521056977
116,2017-04-27,0.06610901368570081
117,2017-04-28,0.12232330796956348
118,2017-04-29,0.14322835820895524
119,2017-04-30,0.10629253438113949
120,2017-05-01,0.10226514784294717
121,2017-05-02,0.06248990439770554
122,2017-05-03,0.05369474517252295
123,2017-05-04,0.07717369281045752
124,2017-05-05,0.09249798927613942
125,2017-05-06,0.1000437037037037
126,2017-05-07,0.10049779005524861
127,2017-05-08,0.1185149128612398
128,2017-05-09,0.10967279043913286
129,2017-05-10,0.04248887848279091
130,2017-05-11,0.08455456674473068
131,2017-05-12,0.10630483701366983
132,2017-05-13,0.13678425760286225
133,2017-05-14,0.12672576557550158
134,2017-05-15,0.08176028225806452
135,2017-05-16,0.09256466480446929
136,2017-05-17,0.06414792227204784
137,2017-05-18,0.05710454746136866
138,2017-05-19,0.08654672131147541
139,2017-05-20,0.1270279761904762
140,2017-05-21,0.17484516539440204
141,2017-05-22,0.04617659663865546
142,2017-05-23,0.09399267676767677
143,2017-05-24,0.04802524752475248
144,2017-05-25,0.09399175879396984
145,2017-05-26,0.08968872832369942
146,2017-05-27,0.13489105011933175
147,2017-05-28,0.09641940532081378
148,2017-05-29,0.17275641344956413
149,2017-05-30,0.08677103418054338
150,2017-05-31,0.10758378636146876
151,2017-06-01,0.08935040201005025
152,2017-06-02,0.09257943848059455
153,2017-06-03,0.1353961439588689
154,2017-06-04,0.05760044444444445
155,2017-06-05,0.06960237597414941
156,2017-06-06,0.08796827393431167
157,2017-06-07,0.08715758959943781
158,2017-06-08,0.07165840392331699
159,2017-06-09,0.05818651428571429
160,2017-06-10,0.11832101390024531
161,2017-06-11,0.08693742738589212
162,2017-06-12,0.04281991511589944
163,2017-06-13,0.0492225061645371
164,2017-06-14,0.04935268305577584
165,2017-06-15,0.024675809523809523
166,2017-06-16,0.028693531613976704
167,2017-06-17,0.07585568650559812
168,2017-06-18,0.07535387149917629
169,2017-06-19,0.0588960064759849
170,2017-06-20,0.06762879029684009
171,2017-06-21,0.047654079621600315
172,2017-06-22,0.059195441237975745
173,2017-06-23,0.12390055619930475
174,2017-06-24,0.12053465259454706
175,2017-06-25,0.13285832205683357
176,2017-06-26,0.07850875
177,2017-06-27,0.06993765996343693
178,2017-06-28,0.06857765383231379
179,2017-06-29,0.06096046393066531
180,2017-06-30,0.11129020442930153
181,2017-07-01,0.2858118205349439
182,2017-07-02,0.17087152391546162
183,2017-07-03,0.09541697341513293
184,2017-07-04,0.1263064655172414
185,2017-07-05,0.0908685780885781
186,2017-07-06,0.07787070615034168
187,2017-07-07,0.06912849040139615
188,2017-07-08,0.2506526236125126
189,2017-07-09,0.263336025998143
190,2017-07-10,0.13389849102773246
191,2017-07-11,0.10528238747553817
192,2017-07-12,0.10129738735327529
193,2017-07-13,0.12495651509361863
194,2017-07-14,0.114769646799117
195,2017-07-15,0.20692108626198083
196,2017-07-16,0.16288135593220338
197,2017-07-17,0.11869412711182623
198,2017-07-18,0.11874948148148148
199,2017-07-19,0.1609578423566879
200,2017-07-20,0.4757456552109528
201,2017-07-21,0.08474563201561737
202,2017-07-22,0.19309702444208288
203,2017-07-23,0.15890752532561506
204,2017-07-24,0.13318877392653905
205,2017-07-25,0.09135342706502636
206,2017-07-26,0.1132121818940342
207,2017-07-27,0.11107680843329698
208,2017-07-28,0.09697306397306397
209,2017-07-29,0.41583550852439743
210,2017-07-30,0.28618728489483747
211,2017-07-31,0.09687912900575185
212,2017-08-01,0.1108093354223789
213,2017-08-02,0.12798111660301056
214,2017-08-03,0.08522364922206506
215,2017-08-04,0.11831532976827094
216,2017-08-05,0.18968377703826955
217,2017-08-06,0.10562649967040211
218,2017-08-07,0.11220192560175055
219,2017-08-08,0.08394899178491412
220,2017-08-09,0.25300111835973904
221,2017-08-10,0.10760304195804195
222,2017-08-11,0.14807247238742566
223,2017-08-12,0.24720460358056265
224,2017-08-13,0.1994793038570085
225,2017-08-14,0.11698994835121176
226,2017-08-15,0.037858636217433246
227,2017-08-16,0.12466978516978516
228,2017-08-17,0.14113032957863997
229,2017-08-18,0.14646473076923078
230,2017-08-19,0.1577221198156682
231,2017-08-20,0.15383343685300205
232,2017-08-21,0.09535047835990888
233,2017-08-22,0.1538963768115942
234,2017-08-23,0.107230871886121
235,2017-08-24,0.11426963440860215
236,2017-08-25,0.12116888145315487
237,2017-08-26,0.21331454545454545
238,2017-08-27,0.23576390041493778
239,2017-08-28,0.13181157601115762
240,2017-08-29,0.11019354454502144
241,2017-08-30,0.14133657439446365
242,2017-08-31,0.12217540983606558
243,2017-09-01,0.12667492946392583
244,2017-09-02,0.2192182389937107
245,2017-09-03,0.21055797807551765
246,2017-09-04,0.2002901425178147
247,2017-09-05,0.11201485568760611
248,2017-09-06,0.08152717121588089
249,2017-09-07,0.06411933073424302
250,2017-09-08,0.07569201584323536
251,2017-09-09,0.024674061855670105
252,2017-09-10,0.10193196202531646
253,2017-09-11,0.08619491323983837
254,2017-09-12,0.10124107923736225
255,2017-09-13,0.07942969400499583
256,2017-09-14,0.0729635446685879
257,2017-09-15,0.09010587427944002
258,2017-09-16,0.11720239923224568
259,2017-09-17,0.11768862647607209
260,2017-09-18,0.11707187050359712
261,2017-09-19,0.0825034777808446
262,2017-09-20,0.05133544862854486
263,2017-09-21,0.08774033257254646
264,2017-09-22,0.07287788798133023
265,2017-09-23,0.15285761467889908
266,2017-09-24,0.23468119180633146
267,2017-09-25,0.07827668308702793
268,2017-09-26,0.09651292608842389
269,2017-09-27,0.10135710853023627
270,2017-09-28,0.12698521008403363
271,2017-09-29,0.11594215328467153
272,2017-09-30,0.13142585499316006
273,2017-10-01,0.12286817313812859
274,2017-10-02,0.09005653370013755
275,2017-10-03,0.11874451052150045
276,2017-10-04,0.09259278959810874
277,2017-10-05,0.08856343195266272
278,2017-10-06,0.11576332506203474
279,2017-10-07,0.18680443243243242
280,2017-10-08,0.19419042145593868
281,2017-10-09,0.12565800726099233
282,2017-10-10,0.12072635630498534
283,2017-10-11,0.11231903068030236
284,2017-10-12,0.14489661771250556
285,2017-10-13,0.14057832647462276
286,2017-10-14,0.16014994285714287
287,2017-10-15,0.168192934249264
288,2017-10-16,0.1367362495385751
289,2017-10-17,0.1326319449901768
290,2017-10-18,0.13422681973619932
291,2017-10-19,0.01642808198225757
292,2017-10-20,0.10190557248585111
293,2017-10-21,0.21730900109769485
294,2017-10-22,0.16268232094288304
295,2017-10-23,0.11876920205319645
296,2017-10-24,0.07789965701219513
297,2017-10-25,0.09915351643778611
298,2017-10-26,0.14181759299781183
299,2017-10-27,0.12978416717510677
300,2017-10-28,0.1353
301,2017-10-29,0.11079217391304348
302,2017-10-30,0.12067823634204275
303,2017-10-31,0.10025341931613677
304,2017-11-01,0.10692246565168957
305,2017-11-02,0.1254449539406346
306,2017-11-03,0.1610706344529562
307,2017-11-04,0.1713691312384473
308,2017-11-05,0.07199543446244477
309,2017-11-06,0.09297738454898577
310,2017-11-07,0.147887330552659
311,2017-11-08,0.0940137797810689
312,2017-11-09,0.10679059438275637
313,2017-11-10,0.1352219923788786
314,2017-11-11,0.23207957589285713
315,2017-11-12,0.2202560414269275
316,2017-11-13,0.16430682699767263
317,2017-11-14,0.17061798188874513
318,2017-11-15,0.16739325955734408
319,2017-11-16,0.16346099759615385
320,2017-11-17,0.14682195550351287
321,2017-11-18,0.2787101092896175
322,2017-11-19,0.2548421101774043
323,2017-11-20,0.234945468164794
324,2017-11-21,0.177199565487275
325,2017-11-22,0.15002674757281553
326,2017-11-23,0.17966982922201138
327,2017-11-24,0.10106074614760746
328,2017-11-25,0.18665870471304907
329,2017-11-26,0.3465924038461539
330,2017-11-27,0.233038928255093
331,2017-11-28,0.2683828488372093
332,2017-11-29,0.08581240489579886
333,2017-11-30,0.12909158653846153
334,2017-12-01,0.13257753319357093
335,2017-12-02,0.17072061670849767
336,2017-12-03,0.1319099945681695
337,2017-12-04,0.11339872204472844
338,2017-12-05,0.20634468650371943
339,2017-12-06,0.16494139753376394
340,2017-12-07,0.19404682440846827
341,2017-12-08,0.16301698662012798
342,2017-12-09,0.2196668466522678
343,2017-12-10,0.21754477040816328
344,2017-12-11,0.1885875189489641
345,2017-12-12,0.2078641609317099
346,2017-12-13,0.12116763730187984
347,2017-12-14,0.12609735349716447
348,2017-12-15,0.14424866903283054
349,2017-12-16,0.1881109756097561
350,2017-12-17,0.2554325224071703
351,2017-12-18,0.20045885167464114
352,2017-12-19,0.12671720269259534
353,2017-12-20,0.20162879058151978
354,2017-12-21,0.13426703910614524
355,2017-12-22,0.12329427956989247
356,2017-12-23,0.22585682074408117
357,2017-12-24,0.14475026178010472
358,2017-12-25,0.1150390405293631
359,2017-12-26,-0.00326694164375191
360,2017-12-27,0.07372250512145156
361,2017-12-28,0.13700264303482587
362,2017-12-29,0.0726772342427093
363,2017-12-30,0.17641324200913241
364,2017-12-31,0.2664700819672131
365,2018-01-01,0.23970748752079868
366,2018-01-02,0.15678355633802815
367,2018-01-03,0.12764977355072465
368,2018-01-04,0.1880605240912933
369,2018-01-05,0.10315502167630057
370,2018-01-06,0.28564439411098524
371,2018-01-07,0.23463427601809952
372,2018-01-08,0.10826811471952763
373,2018-01-09,0.1335295710120783
374,2018-01-10,0.1176113420695888
375,2018-01-11,0.1621607396870555
376,2018-01-12,0.14461351230425057
377,2018-01-13,0.23647100271002708
378,2018-01-14,0.16158920335429772
379,2018-01-15,0.18831838975297346
380,2018-01-16,0.13107107043374452
381,2018-01-17,0.12796893252769387
382,2018-01-18,0.12566200049640108
383,2018-01-19,0.0744850975975976
384,2018-01-20,0.19056465028355388
385,2018-01-21,0.1988388151174668
386,2018-01-22,0.1145455869373345
387,2018-01-23,0.15018821927136533
388,2018-01-24,0.1343288915808601
389,2018-01-25,0.15280263757733636
390,2018-01-26,0.1777146759847522
391,2018-01-27,0.28249490012749684
392,2018-01-28,0.27906461628588164
393,2018-01-29,0.09071854448742747
394,2018-01-30,0.1154254628387443
395,2018-01-31,0.14662111079625956
396,2018-02-01,0.1285283878704814
397,2018-02-02,0.11486448206808665
398,2018-02-03,0.17558104487608842
399,2018-02-04,0.20260125646711014
400,2018-02-05,0.11441547918412964
401,2018-02-06,0.12224722955145118
402,2018-02-07,0.13411118293471236
403,2018-02-08,0.1444088888888889
404,2018-02-09,0.11007708061002179
405,2018-02-10,0.15713752310536044
406,2018-02-11,0.19952403940886698
407,2018-02-12,0.15208721774193548
408,2018-02-13,0.17382883768214163
409,2018-02-14,0.1801801393728223
410,2018-02-15,0.183903785488959
411,2018-02-16,0.17348962527098172
412,2018-02-17,0.2511979367262724
413,2018-02-18,0.2076865107913669
414,2018-02-19,0.10506884906960717
415,2018-02-20,0.13714936766034327
416,2018-02-21,0.0447178715437788
417,2018-02-22,0.07718696377502383
418,2018-02-23,0.11204232876712328
419,2018-02-24,0.05944263744713572
420,2018-02-25,0.17404711473183979
421,2018-02-26,0.15119117268041238
422,2018-02-27,0.19998374607603767
423,2018-02-28,0.14103516141579153
424,2018-03-01,0.1372844459738472
425,2018-03-02,0.07558196010407632
426,2018-03-03,0.15377426536064115
427,2018-03-04,0.16905989717223652
428,2018-03-05,0.10419451931716084
429,2018-03-06,0.16064824227022448
430,2018-03-07,0.13350966652596033
431,2018-03-08,0.15946383540958853
432,2018-03-09,0.12619165639128646
433,2018-03-10,0.171976171875
434,2018-03-11,0.17505567928730512
435,2018-03-12,0.1407233449477352
436,2018-03-13,0.13963119610048744
437,2018-03-14,0.07978717171717171
438,2018-03-15,0.10404021317829458
439,2018-03-16,0.1417860103626943
440,2018-03-17,0.16801087470449175
441,2018-03-18,0.1595509090909091
442,2018-03-19,0.06794497041420118
443,2018-03-20,0.11318425331621737
444,2018-03-21,0.10786433070866142
445,2018-03-22,0.088209868173258
446,2018-03-23,0.1079936408419167
447,2018-03-24,0.12299432270916334
448,2018-03-25,0.09778496959165943
449,2018-03-26,0.10225920899573478
450,2018-03-27,0.0846739965095986
451,2018-03-28,0.07724745817245818
452,2018-03-29,0.13344081007488087
453,2018-03-30,0.18235564082885647
454,2018-03-31,0.22588188153310104
455,2018-04-01,0.17228152793614596
456,2018-04-02,0.07583182000803534
457,2018-04-03,0.12337502926258291
458,2018-04-04,0.15318106164383563
459,2018-04-05,0.10905330739299611
460,2018-04-06,0.08602126611068991
461,2018-04-07,0.10870499265785609
462,2018-04-08,0.14506318147871547
463,2018-04-09,0.10488003929273083
464,2018-04-10,0.14093738984473353
465,2018-04-11,0.11665254476908576
466,2018-04-12,0.11902557297949336
467,2018-04-13,0.08445022182786158
468,2018-04-14,0.12461863247863247
469,2018-04-15,0.09604236602628918
470,2018-04-16,0.0787123805188894
471,2018-04-17,0.08007286519289121
472,2018-04-18,0.11238299251870325
473,2018-04-19,0.07520045398266612
474,2018-04-20,0.032319439757003035
475,2018-04-21,0.12779151515151516
476,2018-04-22,0.13717075
477,2018-04-23,0.08732023919043239
478,2018-04-24,0.08094767609008147
479,2018-04-25,0.10913275446213218
480,2018-04-26,0.08153253196930946
481,2018-04-27,0.09568561542263965
482,2018-04-28,0.1295424269264836
483,2018-04-29,0.16510269978401726
484,2018-04-30,0.09142078346028291
485,2018-05-01,0.11970124444444444
486,2018-05-02,0.15953415486124586
487,2018-05-03,0.12988471177944863
488,2018-05-04,0.1639608713272543
489,2018-05-05,0.19685881578947367
490,2018-05-06,0.1871457723577236
491,2018-05-07,0.17025435168738898
492,2018-05-08,0.12835986420218784
493,2018-05-09,0.12791747311827956
494,2018-05-10,0.14435775242923532
495,2018-05-11,0.15540374280230326
496,2018-05-12,0.3564423111919927
497,2018-05-13,0.1365538854805726
498,2018-05-14,0.10059134615384616
499,2018-05-15,0.11139190861494527
500,2018-05-16,0.12676322463768114
501,2018-05-17,0.1466240826873385
502,2018-05-18,0.14845112640801
503,2018-05-19,0.17875238095238094
504,2018-05-20,0.23137184801381694
505,2018-05-21,0.13359859566998245
506,2018-05-22,0.12612480417754568
507,2018-05-23,0.12230898641588298
508,2018-05-24,0.09296973947895791
509,2018-05-25,0.12160472650026553
510,2018-05-26,0.18334979919678715
511,2018-05-27,0.23698580645161288
512,2018-05-28,0.22632876712328767
513,2018-05-29,0.12308066561014264
514,2018-05-30,0.12035457396759018
515,2018-05-31,0.14556506746626688
516,2018-06-01,0.15308389043639742
517,2018-06-02,0.1827351832460733
518,2018-06-03,0.2076814903846154
519,2018-06-04,0.13751976808393154
520,2018-06-05,0.12028932135728543
521,2018-06-06,0.11151148741418765
522,2018-06-07,0.11488667355371901
523,2018-06-08,0.0869144539179862
524,2018-06-09,0.18408009478672985
525,2018-06-10,0.2033345
526,2018-06-11,0.08545952890792291
527,2018-06-12,0.1255012002182215
528,2018-06-13,0.11388236645605974
529,2018-06-14,0.1454463101604278
530,2018-06-15,0.11488389362769695
531,2018-06-16,0.2468818181818182
532,2018-06-17,0.231352868852459
533,2018-06-18,0.14440544444444445
534,2018-06-19,0.09403956093189964
535,2018-06-20,0.14547560837577816
536,2018-06-21,0.12938902439024388
537,2018-06-22,0.10390449574726611
538,2018-06-23,0.19759888198757766
539,2018-06-24,0.2813465201465201
540,2018-06-25,0.09544393515930688
541,2018-06-26,0.12369745934959349
542,2018-06-27,0.12358126036484246
543,2018-06-28,0.15136072455434157
544,2018-06-29,0.1378461963190184
545,2018-06-30,0.18934280510018217
546,2018-07-01,0.22020540540540542
547,2018-07-02,0.10755457608085345
548,2018-07-03,0.12082740798747064
549,2018-07-04,0.2259942275042445
550,2018-07-05,0.1310936327077748
551,2018-07-06,0.1305327694235589
552,2018-07-07,0.1834116987179487
553,2018-07-08,0.2501154826958106
554,2018-07-09,0.1399659104477612
555,2018-07-10,0.1332986187845304
556,2018-07-11,0.09326845637583893
557,2018-07-12,0.14044285714285715
558,2018-07-13,0.1740140164899882
559,2018-07-14,0.2183756289308176
560,2018-07-15,0.2704695810564663
561,2018-07-16,0.11729689722042663
562,2018-07-17,0.1511154375
563,2018-07-18,0.13146200951248513
564,2018-07-19,0.10156873315363882
565,2018-07-20,0.15694706231454006
566,2018-07-21,0.24181790540540543
567,2018-07-22,0.21560090361445783
568,2018-07-23,0.13487786069651742
569,2018-07-24,0.10296105953031132
570,2018-07-25,0.14321978494623655
571,2018-07-26,0.1296551787351054
572,2018-07-27,0.11336231322634199
573,2018-07-28,0.20077290322580646
574,2018-07-29,0.22863107142857145
575,2018-07-30,0.07466831012420022
576,2018-07-31,0.12310810089416789
577,2018-08-01,0.1801398642496482
578,2018-08-02,0.1785753910950662
579,2018-08-03,0.1888086481303931
580,2018-08-04,0.23850784615384615
581,2018-08-05,0.21502326602282704
582,2018-08-06,0.14180581005586593
583,2018-08-07,0.13933408648227502
584,2018-08-08,0.12574650602409637
585,2018-08-09,0.1632187297171998
586,2018-08-10,0.12186681180454766
587,2018-08-11,0.22655042527339003
588,2018-08-12,0.23215650080256822
589,2018-08-13,0.11809181353041501
590,2018-08-14,0.13423081728266528
591,2018-08-15,0.13711619396157365
592,2018-08-16,0.11146742183960127
593,2018-08-17,0.13010111275964392
594,2018-08-18,0.19027054187192116
595,2018-08-19,0.22412413366336634
596,2018-08-20,0.10663978052126201
597,2018-08-21,0.14017977099236642
598,2018-08-22,0.13784618856569708
599,2018-08-23,0.11373074935400516
600,2018-08-24,0.1094474962063733
601,2018-08-25,0.19360777642770352
602,2018-08-26,0.20427140902872779
603,2018-08-27,0.1227449919657204
604,2018-08-28,0.14724718463553033
605,2018-08-29,0.1319275518341308
606,2018-08-30,0.11863314836448599
607,2018-08-31,0.14549355547418527
608,2018-09-01,0.2526922023182297
609,2018-09-02,0.2308060055865922
610,2018-09-03,0.2203658924205379
611,2018-09-04,0.1685445945945946
612,2018-09-05,0.14517233791748527
613,2018-09-06,0.14283638382940914
614,2018-09-07,-0.015835771575232603
615,2018-09-08,-0.01755612177365984
616,2018-09-09,0.13676229508196722
617,2018-09-10,0.0613012591119947
618,2018-09-11,0.08856861016949152
619,2018-09-12,0.10783621482435167
620,2018-09-13,0.1303833044982699
621,2018-09-14,0.14080089177138225
622,2018-09-15,0.17913121442125238
623,2018-09-16,0.18497114942528736
624,2018-09-17,0.10963310423825888
625,2018-09-18,0.11359047619047619
626,2018-09-19,0.1404564668769716
627,2018-09-20,0.15219898599710285
628,2018-09-21,0.15549215591915305
629,2018-09-22,0.22097787391841778
630,2018-09-23,0.21589420803782505
631,2018-09-24,0.13996056829511466
632,2018-09-25,0.1283212897526502
633,2018-09-26,0.1476151575787894
634,2018-09-27,0.1502528740317978
635,2018-09-28,0.14285632183908045
636,2018-09-29,0.2482931113662457
637,2018-09-30,0.2493960057061341
638,2018-10-01,0.1488262049861496
639,2018-10-02,0.13915553522415372
640,2018-10-03,0.1480642087821044
641,2018-10-04,0.1067891881028939
642,2018-10-05,0.094931
643,2018-10-06,0.1632039351851852
644,2018-10-07,0.2701523520485584
645,2018-10-08,0.11926367403314918
646,2018-10-09,0.11988463083877449
647,2018-10-10,0.10398441509433962
648,2018-10-11,0.11181624796084828
649,2018-10-12,0.1605658371040724
650,2018-10-13,0.19140923076923078
651,2018-10-14,0.2407005172413793
652,2018-10-15,0.10906002921129503
653,2018-10-16,0.13429103313840157
654,2018-10-17,0.1300667912439936
655,2018-10-18,0.12037047262517547
656,2018-10-19,0.12511451175406874
657,2018-10-20,0.16027539393939394
658,2018-10-21,0.12472800608828007
659,2018-10-22,0.11660471698113208
660,2018-10-23,0.10596001757469244
661,2018-10-24,0.11837357112161583
662,2018-10-25,0.09474397977941176
663,2018-10-26,0.08686441082802547
664,2018-10-27,0.14781064453125
665,2018-10-28,0.1568995043370508
666,2018-10-29,0.07352126696832578
667,2018-10-30,0.08684799216454456
668,2018-10-31,0.1151939371257485
669,2018-11-01,0.09682536175710595
670,2018-11-02,0.08096430878056282
671,2018-11-03,0.11224992581602375
672,2018-11-04,0.2117815184815185
673,2018-11-05,0.07937741633512756
674,2018-11-06,0.11678199486615327
675,2018-11-07,0.1317923759580476
676,2018-11-08,0.13403475238922677
677,2018-11-09,0.11577804539138489
678,2018-11-10,0.14871024590163937
679,2018-11-11,0.17463810975609756
680,2018-11-12,0.04884696163539625
681,2018-11-13,0.07392391125718982
682,2018-11-14,0.07391314878892734
683,2018-11-15,0.09536613569321534
684,2018-11-16,0.11278872082973208
685,2018-11-17,0.15456649417852522
686,2018-11-18,0.17110039267015706
687,2018-11-19,0.04052046294016252
688,2018-11-20,0.056620157411456054
689,2018-11-21,0.08386853170566294
690,2018-11-22,0.18885427230046947
691,2018-11-23,0.08994398058252427
692,2018-11-24,0.16132431640625
693,2018-11-25,0.12786758544652702
694,2018-11-26,0.13632626892252894
695,2018-11-27,0.10880068065796937
696,2018-11-28,0.11881007824726135
697,2018-11-29,0.1209386479093396
698,2018-11-30,0.1184163519115615
699,2018-12-01,0.174175923566879
700,2018-12-02,0.17285325379609545
701,2018-12-03,0.12721273131014063
702,2018-12-04,0.10044834281888182
703,2018-12-05,0.14079402332361515
704,2018-12-06,0.09346709613478692
705,2018-12-07,0.0961783545840923
706,2018-12-08,0.1726323924731183
707,2018-12-09,0.23725647840531564
708,2018-12-10,0.06904264192139738
709,2018-12-11,0.10089702970297029
710,2018-12-12,0.10855854418061503
711,2018-12-13,0.12722467532467532
712,2018-12-14,0.11541489273927392
713,2018-12-15,0.18603614457831325
714,2018-12-16,0.25052847124824684
715,2018-12-17,0.15600849436392916
716,2018-12-18,0.1429902825342466
717,2018-12-19,0.15197320974191203
718,2018-12-20,0.08442658578856153
719,2018-12-21,0.09465169957915183
720,2018-12-22,0.17387197265625
721,2018-12-23,0.17598027397260274
722,2018-12-24,0.10293058652447891
723,2018-12-25,0.11654200743494425
724,2018-12-26,0.15550203233256352
725,2018-12-27,0.13026740124740124
726,2018-12-28,0.11023666666666666
727,2018-12-29,0.18785403111739746
728,2018-12-30,0.19112244525547445
729,2018-12-31,0.14305416666666668
730,2019-01-01,0.19496590621039292
731,2019-01-02,0.015273104570731045
732,2019-01-03,0.016162165713910243
733,2019-01-04,0.042689465674670274
734,2019-01-05,0.0812418028465999
735,2019-01-06,0.15065970149253732
736,2019-01-07,0.11443267770876467
737,2019-01-08,0.11053694852941176
738,2019-01-09,0.1072315625
739,2019-01-10,0.11100631651218675
740,2019-01-11,0.11659250501002004
741,2019-01-12,0.16790584088620342
742,2019-01-13,0.23518703481392556
743,2019-01-14,0.12279524444444445
744,2019-01-15,0.13654595775673706
745,2019-01-16,0.1449223534041716
746,2019-01-17,0.16256548160396858
747,2019-01-18,0.12726540772532188
748,2019-01-19,0.32889857524487975
749,2019-01-20,0.23430053134962806
750,2019-01-21,0.21192194323144103
751,2019-01-22,0.1340661231884058
752,2019-01-23,0.13554882866329812
753,2019-01-24,0.13166908212560385
754,2019-01-25,0.14265666936135812
755,2019-01-26,0.18388808545603944
756,2019-01-27,0.1754359303391384
757,2019-01-28,0.09935465425531914
758,2019-01-29,0.09207130478462891
759,2019-01-30,0.12658699213104224
760,2019-01-31,0.12353059065530414
761,2019-02-01,0.12084838487972507
762,2019-02-02,0.20833515789473683
763,2019-02-03,0.266768427672956
764,2019-02-04,0.15711532258064517
765,2019-02-05,0.15686255418472825
766,2019-02-06,0.17704721189591077
767,2019-02-07,0.16578569576490926
768,2019-02-08,0.18058440968718464
769,2019-02-09,0.2833393506493507
770,2019-02-10,0.24708022892819978
771,2019-02-11,0.12456337579617835
772,2019-02-12,0.1518848457755923
773,2019-02-13,0.15517454242928452
774,2019-02-14,0.11893668430335097
775,2019-02-15,0.15602526642984013
776,2019-02-16,0.27411107142857144
777,2019-02-17,0.2902508
778,2019-02-18,0.20819857723577237
779,2019-02-19,0.1286642243557352
780,2019-02-20,0.16209362745098038
781,2019-02-21,0.15007002942412778
782,2019-02-22,0.17649049019607843
783,2019-02-23,0.2902740547588005
784,2019-02-24,0.23877688391038698
785,2019-02-25,0.19431172268907565
786,2019-02-26,0.22083227586206897
787,2019-02-27,0.19517167138810199
788,2019-02-28,0.18983128834355828
789,2019-03-01,0.1902789175257732
790,2019-03-02,0.29363618925831203
791,2019-03-03,0.27445698569856986
792,2019-03-04,0.17994949215143122
793,2019-03-05,0.17964632527264107
794,2019-03-06,0.18646120603015073
795,2019-03-07,0.18122383245065
796,2019-03-08,0.18287218966435803
797,2019-03-09,0.2480544685990338
798,2019-03-10,0.28405985401459855
799,2019-03-11,0.16678591648973815
800,2019-03-12,0.19784298642533937
801,2019-03-13,0.17182146750524108
802,2019-03-14,0.14835341864716636
803,2019-03-15,0.1635541308411215
804,2019-03-16,0.2410742914979757
805,2019-03-17,0.27152100628930814
806,2019-03-18,0.18638612084063047
807,2019-03-19,0.21025161987041038
808,2019-03-20,0.19420673841834346
809,2019-03-21,0.16547775974025974
810,2019-03-22,0.1420350797266515
811,2019-03-23,0.31475591647331785
812,2019-03-24,0.19889760479041915
813,2019-03-25,0.15574131141618497
814,2019-03-26,0.13124305915625736
815,2019-03-27,0.1323075732630886
816,2019-03-28,0.15605969089390143
817,2019-03-29,0.10809576374745417
818,2019-03-30,0.1961828396322778
819,2019-03-31,0.23712243386243387
820,2019-04-01,0.12688301716350497
821,2019-04-02,0.16636893834028743
822,2019-04-03,0.2023469884853853
823,2019-04-04,0.18059489247311827
824,2019-04-05,0.17581089206505668
825,2019-04-06,0.2740650406504065
826,2019-04-07,0.29420951612903223
827,2019-04-08,0.17604473102431833
828,2019-04-09,0.15437416666666667
829,2019-04-10,0.12785998449011246
830,2019-04-11,0.17480009675858732
831,2019-04-12,0.14647203812982298
832,2019-04-13,0.2561124814264487
833,2019-04-14,0.28246272040302267
834,2019-04-15,0.23173106918238995
835,2019-04-16,0.1590859404096834
836,2019-04-17,0.20411344440139478
837,2019-04-18,0.22944036979969182
838,2019-04-19,0.22153858461538461
839,2019-04-20,0.28197296511627906
840,2019-04-21,0.24714896193771627
841,2019-04-22,0.22174789045151738
842,2019-04-23,0.22787152737752162
843,2019-04-24,0.2263443352601156
844,2019-04-25,0.0826148315736551
845,2019-04-26,0.14544645277903298
846,2019-04-27,0.19720155502392345
847,2019-04-28,0.22339684095860568
848,2019-04-29,0.17050577472841624
849,2019-04-30,0.1372297730829421
850,2019-05-01,0.1617736832513213
851,2019-05-02,0.173215820777161
852,2019-05-03,0.23471935116676154
853,2019-05-04,0.2579276453765491
854,2019-05-05,0.29257752808988763
855,2019-05-06,0.1656043746494672
856,2019-05-07,0.24775094339622641
857,2019-05-08,0.22706059240180296
858,2019-05-09,0.243548362720403
859,2019-05-10,0.22141063360881544
860,2019-05-11,0.2683380124223603
861,2019-05-12,0.2610869198312236
862,2019-05-13,0.17793826701375975
863,2019-05-14,0.16222588438308888
864,2019-05-15,0.20607857570317176
865,2019-05-16,0.1987894946053379
866,2019-05-17,0.16746710037174722
867,2019-05-18,0.27289583333333334
868,2019-05-19,0.2674381742738589
869,2019-05-20,0.17372620713785863
870,2019-05-21,0.20994750872738813
871,2019-05-22,0.10989218181818182
872,2019-05-23,0.11027765495459929
873,2019-05-24,0.15585596421471173
874,2019-05-25,0.2626019073569482
875,2019-05-26,0.2666447852760736
876,2019-05-27,0.26566206496519723
877,2019-05-28,0.12727277556440905
878,2019-05-29,0.13165766283524905
879,2019-05-30,0.10520661387983232
880,2019-05-31,0.07215002339728592
881,2019-06-01,0.13049785353535354
882,2019-06-02,0.12331007751937985
883,2019-06-03,0.10931500156592547
884,2019-06-04,0.10565323038134258
885,2019-06-05,0.11187241970021414
886,2019-06-06,0.10955517418032787
887,2019-06-07,0.13126181818181817
888,2019-06-08,0.19034287280701756
889,2019-06-09,0.19475484662576686
890,2019-06-10,0.11559651960784315
891,2019-06-11,0.12493244878957169
892,2019-06-12,0.10877053093034585
893,2019-06-13,0.11183013771186441
894,2019-06-14,0.10360129286115796
895,2019-06-15,0.21449754098360657
896,2019-06-16,0.1419775390625
897,2019-06-17,0.08600747290359384
898,2019-06-18,0.10891970515970516
899,2019-06-19,0.14746864349011587
900,2019-06-20,0.12813035714285714
901,2019-06-21,0.11115043936731107
902,2019-06-22,0.18336852791878172
903,2019-06-23,0.09629243421052631
904,2019-06-24,0.06402070512820512
905,2019-06-25,0.08346048951048951
906,2019-06-26,0.11780826693227092
907,2019-06-27,0.09957935573259438
908,2019-06-28,0.09357269984917044
909,2019-06-29,0.09925787451984636
910,2019-06-30,0.14222642679900746
911,2019-07-01,0.11716440366972476
912,2019-07-02,0.06964790481117435
913,2019-07-03,0.09560676532769556
914,2019-07-04,0.1158072700296736
915,2019-07-05,0.09934548267326733
916,2019-07-06,0.17713708737864078
917,2019-07-07,0.09615275229357799
918,2019-07-08,0.07566689303904924
919,2019-07-09,0.08601069241639189
920,2019-07-10,0.09327064168086316
921,2019-07-11,0.04717058823529412
922,2019-07-12,0.05607901234567901
923,2019-07-13,0.1517537785588752
924,2019-07-14,0.22183677325581394
925,2019-07-15,0.08899913739987678
926,2019-07-16,0.07635379388448471
927,2019-07-17,0.10543937761819269
928,2019-07-18,0.11309594247560349
929,2019-07-19,0.10695125423728813
930,2019-07-20,0.19899808061420346
931,2019-07-21,0.17797583187390542
932,2019-07-22,0.09511448170731708
933,2019-07-23,0.10062863751051304
934,2019-07-24,0.11788324106693508
935,2019-07-25,0.10622899663946232
936,2019-07-26,0.1065119094488189
937,2019-07-27,0.12666335403726708
938,2019-07-28,0.10933104925053533
939,2019-07-29,0.09474185950413223
940,2019-07-30,0.11231594433399603
941,2019-07-31,0.11060611876270039
942,2019-08-01,0.08603951988534575
943,2019-08-02,0.05325906693711968
944,2019-08-03,0.10391301907968575
945,2019-08-04,0.09707947368421052
946,2019-08-05,0.038110221327967805
947,2019-08-06,0.054617186108637576
948,2019-08-07,0.05878581655480985
949,2019-08-08,0.09136302681992337
950,2019-08-09,0.07503251605370695
951,2019-08-10,0.1314497512437811
952,2019-08-11,0.11849411764705883
953,2019-08-12,0.08785175490779298
954,2019-08-13,0.08445984381422113
955,2019-08-14,0.06211826969550508
956,2019-08-15,0.08492337217272104
957,2019-08-16,0.09790520514390692
958,2019-08-17,0.1297921836228288
959,2019-08-18,0.09023434782608696
960,2019-08-19,0.09439636781609197
961,2019-08-20,0.09353998302207131
962,2019-08-21,0.0822
963,2019-08-22,0.09646116700201207
964,2019-08-23,0.06067643340857788
965,2019-08-24,0.0839837775202781
966,2019-08-25,0.03965344387755103
967,2019-08-26,0.06777232188621221
968,2019-08-27,0.10156385855434218
969,2019-08-28,0.10150188679245283
970,2019-08-29,0.09997881040892194
971,2019-08-30,0.09177718157181572
972,2019-08-31,0.12118484848484848
973,2019-09-01,0.07720224403927069
974,2019-09-02,0.10208594327990136
975,2019-09-03,0.0531296181630547
976,2019-09-04,0.09941048309178743
977,2019-09-05,0.13820246376811593
978,2019-09-06,0.08613055961070559
979,2019-09-07,0.12356878751500601
980,2019-09-08,0.08464044502617801
981,2019-09-09,0.05621315543071161
982,2019-09-10,0.0891176187198899
983,2019-09-11,0.11255368157821617
984,2019-09-12,0.0981593710157246
985,2019-09-13,0.058993935354881705
986,2019-09-14,0.12188331892826275
987,2019-09-15,0.11920597165991903
988,2019-09-16,0.11826792942397509
989,2019-09-17,0.10099851239669422
990,2019-09-18,0.07374787084698174
991,2019-09-19,0.07195621996796583
992,2019-09-20,0.12505204736063147
993,2019-09-21,0.140146126340882
994,2019-09-22,0.07655959302325582
995,2019-09-23,0.0828412188099808
996,2019-09-24,0.05788752525252525
997,2019-09-25,0.07936796640671866
998,2019-09-26,0.08962768969422423
999,2019-09-27,0.12728111718275653
1000,2019-09-28,0.18022630792227204
1001,2019-09-29,0.24804270186335403
1002,2019-09-30,0.13390456950456953
1003,2019-10-01,0.10871305987741631
1004,2019-10-02,0.11381260022909508
1005,2019-10-03,0.11842471169686986
1006,2019-10-04,0.12528389464594128
1007,2019-10-05,0.10865226666666666
1008,2019-10-06,0.09801752738654147
1009,2019-10-07,0.07986797502230152
1010,2019-10-08,0.059245096198967624
1011,2019-10-09,0.06872100840336134
1012,2019-10-10,0.06153468344475029
1013,2019-10-11,0.09124204909284953
1014,2019-10-12,0.09299892787524366
1015,2019-10-13,0.11904646017699115
1016,2019-10-14,0.09333458646616542
1017,2019-10-15,0.0907996406570842
1018,2019-10-16,0.0839165749235474
1019,2019-10-17,0.11444907178217822
1020,2019-10-18,0.11806364139457665
1021,2019-10-19,0.1029298273155416
1022,2019-10-20,0.14454372294372295
1023,2019-10-21,0.10752736486486486
1024,2019-10-22,0.08484756731223429
1025,2019-10-23,0.10132719090478447
1026,2019-10-24,0.10273771517996871
1027,2019-10-25,0.11188858842617631
1028,2019-10-26,0.13955828220858896
1029,2019-10-27,0.11933624365482233
1030,2019-10-28,0.12615700227100682
1031,2019-10-29,0.13045186234817813
1032,2019-10-30,0.1322186813186813
1033,2019-10-31,0.15801422764227643
1034,2019-11-01,0.1183192114418245
1035,2019-11-02,0.19841155682903533
1036,2019-11-03,0.10860135275754422
1037,2019-11-04,0.0963178166838311
1038,2019-11-05,0.09728535732133933
1039,2019-11-06,0.12662575392038602
1040,2019-11-07,0.09780492368291482
1041,2019-11-08,0.12090214541120382
1042,2019-11-09,0.19160385756676557
1043,2019-11-10,0.16117906215921482
1044,2019-11-11,0.11362377339403136
1045,2019-11-12,0.08606835380835381
1046,2019-11-13,0.11815971830985915
1047,2019-11-14,0.09837010027347311
1048,2019-11-15,0.13131534325889163
1049,2019-11-16,0.12434528301886792
1050,2019-11-17,0.08393426204819278
1051,2019-11-18,0.0950935033878039
1052,2019-11-19,0.1025393704379562
1053,2019-11-20,0.08382985446985447
1054,2019-11-21,0.07094689243027888
1055,2019-11-22,0.10763424958768554
1056,2019-11-23,0.14349551934826885
1057,2019-11-24,0.13562280876494023
1058,2019-11-25,0.09101480704697987
1059,2019-11-26,0.11699057220708448
1060,2019-11-27,0.12656641386782233
1061,2019-11-28,0.16821285714285714
1062,2019-11-29,0.16823123003194887
1063,2019-11-30,0.21937891737891738
1064,2019-12-01,0.1818890315052509
1065,2019-12-02,0.13975905472636815
1066,2019-12-03,0.12157930864197532
1067,2019-12-04,0.12364112097669257
1068,2019-12-05,0.10805130890052357
1069,2019-12-06,0.12452618464052288
1070,2019-12-07,0.22952563067608478
1071,2019-12-08,0.11487099526066351
1072,2019-12-09,0.11583464765100672
1073,2019-12-10,0.09297295627376427
1074,2019-12-11,0.09780576638738295
1075,2019-12-12,0.11564766784452296
1076,2019-12-13,0.15115323284410948
1077,2019-12-14,0.2044733772342427
1078,2019-12-15,0.17700587529976022
1079,2019-12-16,0.11088298926507019
1080,2019-12-17,0.1245986625055729
1081,2019-12-18,0.12315466367713006
1082,2019-12-19,0.13674397163120566
1083,2019-12-20,0.16138617721518989
1084,2019-12-21,0.20634442988204454
1085,2019-12-22,0.1715569014084507
1086,2019-12-23,0.10860966084275436
1087,2019-12-24,0.1327764143426295
1088,2019-12-25,0.21659830220713075
1089,2019-12-26,0.13273945945945945
1090,2019-12-27,0.1365939607261949
1091,2019-12-28,0.129760048820179
1092,2019-12-29,0.1422972972972973
1093,2019-12-30,0.21155377906976744
1094,2019-12-31,0.14451785195936137
1095,2020-01-01,0.13581358381502892
1096,2020-01-02,0.14011384820239678
1097,2020-01-03,0.10175471415743789
1098,2020-01-04,0.08733049450549452
1099,2020-01-05,0.12372894507410637
1100,2020-01-06,0.09390557971014492
1101,2020-01-07,0.09456133611691023
1102,2020-01-08,0.0979769825918762
1103,2020-01-09,0.11291870817573466
1104,2020-01-10,0.15766529473317056
1105,2020-01-11,0.1773701257861635
1106,2020-01-12,0.16761626297577853
1107,2020-01-13,0.12872095039889006
1108,2020-01-14,0.13409030927835053
1109,2020-01-15,0.10922907546553413
1110,2020-01-16,0.0874136460554371
1111,2020-01-17,0.08628764591439689
1112,2020-01-18,0.15830451664025358
1113,2020-01-19,0.13859954001839928
1114,2020-01-20,0.1401968481375358
1115,2020-01-21,0.09291347721822542
1116,2020-01-22,0.09082285714285715
1117,2020-01-23,0.13986723116003386
1118,2020-01-24,0.11504015721120985
1119,2020-01-25,0.1440984006092917
1120,2020-01-26,0.10103628509719223
1121,2020-01-27,0.07447889655172414
1122,2020-01-28,0.10097442342892007
1123,2020-01-29,0.13619896507115137
1124,2020-01-30,0.12287164387384873
1125,2020-01-31,0.12573990057561485
1126,2020-02-01,0.13061206422018348
1127,2020-02-02,0.12053983333333332
1128,2020-02-03,0.1062431952662722
1129,2020-02-04,0.1273265275142315
1130,2020-02-05,0.09926481565771507
1131,2020-02-06,0.08966702702702703
1132,2020-02-07,0.10310571563533302
1133,2020-02-08,0.06854935593220339
1134,2020-02-09,0.07584123788217749
1135,2020-02-10,0.07135376432078559
1136,2020-02-11,0.0957471676300578
1137,2020-02-12,0.10182730404823429
1138,2020-02-13,0.08668710900473933
1139,2020-02-14,0.10103996701484332
1140,2020-02-15,0.09115267326732673
1141,2020-02-16,0.1256008064516129
1142,2020-02-17,0.03676972366840208
1143,2020-02-18,0.03522724606359988
1144,2020-02-19,0.10039383453916326
1145,2020-02-20,0.11727582807570977
1146,2020-02-21,0.09650945999211667
1147,2020-02-22,0.1102041095890411
1148,2020-02-23,0.10432382739212007
1149,2020-02-24,0.0698678374455733
1150,2020-02-25,0.04845021863437605
1151,2020-02-26,0.09762677953058868
1152,2020-02-27,0.06006470223325062
1153,2020-02-28,0.07992459970887919
1154,2020-02-29,0.11119979770734997
1155,2020-03-01,0.11400534934497816
1156,2020-03-02,0.11438580836351663
1157,2020-03-03,0.10727871994801819
1158,2020-03-04,0.10940165326184093
1159,2020-03-05,0.08475789692435579
1160,2020-03-06,0.06606960032297134
1161,2020-03-07,0.03212208760484623
1162,2020-03-08,0.11219826275787188
1163,2020-03-09,0.054255990629183404
1164,2020-03-10,0.0823504397705545
1165,2020-03-11,0.07165816072908036
1166,2020-03-12,0.06870374280230326
1167,2020-03-13,0.07780456182472989
1168,2020-03-14,0.11479961089494163
1169,2020-03-15,0.09854458930899608
1170,2020-03-16,0.05714913071474565
1171,2020-03-17,0.06138612867236891
1172,2020-03-18,0.06940780780780781
1173,2020-03-19,0.0823832512315271
1174,2020-03-20,0.056409399358092624
1175,2020-03-21,-0.012224655894673852
1176,2020-03-22,-0.03683185776487663
1177,2020-03-23,0.08506271536871124
1178,2020-03-24,0.0984561730697501
1179,2020-03-25,0.07827049549549549
1180,2020-03-26,0.06752394627142196
1181,2020-03-27,0.06438136315228968
1182,2020-03-28,0.09824366576819407
1183,2020-03-29,0.11379338654503991
1184,2020-03-30,0.06646690186016677
1185,2020-03-31,0.10291592261904761
1186,2020-04-01,0.10801745192307692
1187,2020-04-02,0.08515391549295775
1188,2020-04-03,0.07459277238403451
1189,2020-04-04,0.10216407506702413
1190,2020-04-05,0.1013074307304786
1191,2020-04-06,0.12452477876106194
1192,2020-04-07,0.09208862944162437
1193,2020-04-08,0.09995217917675546
1194,2020-04-09,0.08597720381807972
1195,2020-04-10,0.10074624463519313
1196,2020-04-11,0.04474563758389262
1197,2020-04-12,0.056730243024302435
1198,2020-04-13,0.08602331838565022
1199,2020-04-14,0.13238356095093576
1200,2020-04-15,0.11553127861923211
1201,2020-04-16,0.09874918381831085
1202,2020-04-17,0.05943057047838322
1203,2020-04-18,0.11430767649074709
1204,2020-04-19,0.08296220264317182
1205,2020-04-20,0.07053441218467396
1206,2020-04-21,0.08173731688511951
1207,2020-04-22,0.0954180057684384
1208,2020-04-23,0.06337616303005351
1209,2020-04-24,0.05888494486853265
1210,2020-04-25,0.0756760241773002
1211,2020-04-26,0.10062975155279504
1212,2020-04-27,0.058879088745324715
1213,2020-04-28,0.08266019254918376
1214,2020-04-29,0.08983691848058045
1215,2020-04-30,0.1112185386286069
1216,2020-05-01,0.11206077537058153
1217,2020-05-02,0.12132655198204935
1218,2020-05-03,0.11799883138564275
1219,2020-05-04,0.07638619751166408
1220,2020-05-05,0.11345128657032078
1221,2020-05-06,0.10836838905775076
1222,2020-05-07,0.10255786587937579
1223,2020-05-08,0.11176207526488857
1224,2020-05-09,0.15539561243144426
1225,2020-05-10,0.09669477832512316
1226,2020-05-11,0.11878606147248034
1227,2020-05-12,0.1339228408731414
1228,2020-05-13,0.10255981583793738
1229,2020-05-14,0.09183304149219641
1230,2020-05-15,0.07569085461999368
1231,2020-05-16,0.14746740425531915
1232,2020-05-17,0.11902350374064838
1233,2020-05-18,0.1134246225319396
1234,2020-05-19,0.08982457485828609
1235,2020-05-20,0.049212318840579715
1236,2020-05-21,0.09015552123552124
1237,2020-05-22,0.10895662751677851
1238,2020-05-23,0.12736422487223167
1239,2020-05-24,0.13823990719257542
1240,2020-05-25,0.12245953488372094
1241,2020-05-26,0.10881027397260273
1242,2020-05-27,0.12158757037678648
1243,2020-05-28,0.12691749063670413
1244,2020-05-29,0.11424654919236417
1245,2020-05-30,0.12140818604651163
1246,2020-05-31,0.07516590463749184
1247,2020-06-01,0.09044592054677489
1248,2020-06-02,0.07327590815627141
1249,2020-06-03,0.08316818014027316
1250,2020-06-04,0.09149893719806763
1251,2020-06-05,0.11592761433148849
1252,2020-06-06,0.09448044609665428
1253,2020-06-07,0.14614005681818182
1254,2020-06-08,0.15296243073513113
1255,2020-06-09,0.11330097665555026
1256,2020-06-10,0.13989070029272685
1257,2020-06-11,0.10549426409567976
1258,2020-06-12,0.11474228343843346
1259,2020-06-13,0.1282707078313253
1260,2020-06-14,0.0760972757475083
1261,2020-06-15,0.028568799734748004
1262,2020-06-16,0.12043309481216458
1263,2020-06-17,0.12146269462980618
1264,2020-06-18,0.12437953920220082
1265,2020-06-19,0.07403191765980499
1266,2020-06-20,0.1309760854583046
1267,2020-06-21,0.09746083550913838
1268,2020-06-22,0.09150898853810578
1269,2020-06-23,0.11369775149900066
1270,2020-06-24,0.12820669950738914
1271,2020-06-25,0.11850769230769231
1272,2020-06-26,0.10028904294893472
1273,2020-06-27,0.11863127413127413
1274,2020-06-28,0.19981385325808107
1275,2020-06-29,0.13468666085440278
1276,2020-06-30,0.20997270742358076
1277,2020-07-01,0.11723027322404371
1278,2020-07-02,0.19432675324675325
1279,2020-07-03,0.1758320512820513
1280,2020-07-04,0.15774674022066199
1281,2020-07-05,0.15995218150087262
1282,2020-07-06,0.1533955294117647
1283,2020-07-07,0.11521273596778253
1284,2020-07-08,0.13965231650182197
1285,2020-07-09,0.09375650596163816
1286,2020-07-10,0.16614015625
1287,2020-07-11,0.16205834896810506
1288,2020-07-12,0.1360143472906404
1289,2020-07-13,0.12730895036615136
1290,2020-07-14,0.12928999720592343
1291,2020-07-15,0.14549234548745799
1292,2020-07-16,0.12803635280095352
1293,2020-07-17,0.19415319865319866
1294,2020-07-18,0.11088645066273932
1295,2020-07-19,0.1138611464968153
1296,2020-07-20,0.15278081107814045
1297,2020-07-21,0.14452600000000002
1298,2020-07-22,0.15225889221556885
1299,2020-07-23,0.09491633035157063
1300,2020-07-24,0.11650015948963317
1301,2020-07-25,0.11423450949980613
1302,2020-07-26,0.13543047576301617
1303,2020-07-27,0.13002190709046454
1304,2020-07-28,0.11370017835909631
1305,2020-07-29,0.1299876079447323
1306,2020-07-30,0.14610563562753037
1307,2020-07-31,0.16284726676384842
1308,2020-08-01,0.0743789939637827
1309,2020-08-02,0.08563879184861717
1310,2020-08-03,0.14226717829457364
1311,2020-08-04,0.14476547573557508
1312,2020-08-05,0.1489711441465357
1313,2020-08-06,0.14583667108753315
1314,2020-08-07,0.1826573538589557
1315,2020-08-08,0.18224842219804135
1316,2020-08-09,0.19069805380652546
1317,2020-08-10,0.13983876308741175
1318,2020-08-11,0.16963795953882968
1319,2020-08-12,0.18521560181861688
1320,2020-08-13,0.14265586268390548
1321,2020-08-14,0.10893278515707357
1322,2020-08-15,0.15330879396984926
1323,2020-08-16,0.1545276898091758
1324,2020-08-17,0.1180099471407977
1325,2020-08-18,0.17791936359151453
1326,2020-08-19,0.15795252662868467
1327,2020-08-20,0.17113502195734
1328,2020-08-21,0.15251305785123967
1329,2020-08-22,0.17775407650695518
1330,2020-08-23,0.18120634022077556
1331,2020-08-24,0.1121749090130593
1332,2020-08-25,0.09679494341784844
1333,2020-08-26,0.08536951394422311
1334,2020-08-27,0.09943006570768959
1335,2020-08-28,0.040397398091934086
1336,2020-08-29,0.11852883323152108
1337,2020-08-30,0.14373848956608148
1338,2020-08-31,0.11960701795655924
1339,2020-09-01,0.13581505825456144
1340,2020-09-02,0.12967126298960832
1341,2020-09-03,0.09021924977822837
1342,2020-09-04,0.10453551153520957
1343,2020-09-05,0.14252720706260033
1344,2020-09-06,0.16977783221065526
1345,2020-09-07,0.20230519677093844
1346,2020-09-08,0.10218949121744399
1347,2020-09-09,0.1413077444336883
1348,2020-09-10,0.12075662244209578
1349,2020-09-11,0.12213054922279792
1350,2020-09-12,0.11914109183241642
1351,2020-09-13,0.14508173832639853
1352,2020-09-14,0.16339855665143133
1353,2020-09-15,0.14146928343761067
1354,2020-09-16,0.15207563400284033
1355,2020-09-17,0.12529192842942347
1356,2020-09-18,0.3757922252597048
1357,2020-09-19,0.4510528560830861
1358,2020-09-20,0.3615921408450704
1359,2020-09-21,0.2397708223633266
1360,2020-09-22,0.21107510032486146
1361,2020-09-23,0.19913731376473204
1362,2020-09-24,0.19741523891519586
1363,2020-09-25,0.20354470046082948
1364,2020-09-26,0.24614903536977492
1365,2020-09-27,0.21693903644224832
1366,2020-09-28,0.18674852594339622
1367,2020-09-29,0.14259651162790696
1368,2020-09-30,0.17644123308270676
1369,2020-10-01,0.18121674074074073
1370,2020-10-02,0.16336274143302182
1371,2020-10-03,0.16283023097826088
1372,2020-10-04,0.1983338645418327
1373,2020-10-05,0.18752968601332065
1374,2020-10-06,0.08390291730642685
1375,2020-10-07,0.15158091539528434
1376,2020-10-08,0.16660498851329175
1377,2020-10-09,0.16655974647887326
1378,2020-10-10,0.21157365930599367
1379,2020-10-11,0.22439770916334661
1380,2020-10-12,0.16844235263567905
1381,2020-10-13,0.15098244463454044
1382,2020-10-14,0.1604373210077941
1383,2020-10-15,0.18077643742953778
1384,2020-10-16,0.16553546475358702
1385,2020-10-17,0.18418350717079532
1386,2020-10-18,0.16217413000656597
1387,2020-10-19,0.1545834504979496
1388,2020-10-20,0.19066666666666665
1389,2020-10-21,0.18299437537004143
1390,2020-10-22,0.18616955645161293
1391,2020-10-23,0.23256729559748426
1392,2020-10-24,0.10653511019989749
1393,2020-10-25,0.14039280469897208
1394,2020-10-26,0.11891541199014509
1395,2020-10-27,0.14770057265569078
1396,2020-10-28,0.08322578752316244
1397,2020-10-29,0.09448317452029761
1398,2020-10-30,0.1090059663437022
1399,2020-10-31,0.10404604316546763
1400,2020-11-01,0.14786156373193166
1401,2020-11-02,0.13544066298342541
1402,2020-11-03,0.14967610526315792
1403,2020-11-04,0.17468656866020715
1404,2020-11-05,0.2891502526954178
1405,2020-11-06,0.2495911233993015
1406,2020-11-07,0.2285472081218274
1407,2020-11-08,0.2659642130460802
1408,2020-11-09,0.16651873189571934
1409,2020-11-10,0.15304077536431124
1410,2020-11-11,0.2518017292912041
1411,2020-11-12,0.22774252400548697
1412,2020-11-13,0.19704296647230318
1413,2020-11-14,0.2169478931750742
1414,2020-11-15,0.1992885857860732
1415,2020-11-16,0.14507033779028852
1416,2020-11-17,0.11928225806451613
1417,2020-11-18,0.1402782080329557
1418,2020-11-19,0.13307649036991745
1419,2020-11-20,0.1007206873315364
1420,2020-11-21,0.08185265363128492
1421,2020-11-22,0.0653456354300385
1422,2020-11-23,0.1237915356306457
1423,2020-11-24,0.14251460950300382
1424,2020-11-25,0.15635604879701795
1425,2020-11-26,0.1582375542691751
1426,2020-11-27,0.15397634810464494
1427,2020-11-28,0.15223982235381198
1428,2020-11-29,0.15761644562334218
1429,2020-11-30,0.14437228970891589
1430,2020-12-01,0.16755986905916584
1431,2020-12-02,0.1492243917851501
1432,2020-12-03,0.16067948815889993
1433,2020-12-04,0.16019036924248192
1434,2020-12-05,0.19196672199170123
1435,2020-12-06,0.16372698961937715
1436,2020-12-07,0.1452129794520548
1437,2020-12-08,0.17078041106318195
1438,2020-12-09,0.1598348616994767
1439,2020-12-10,0.13400202474690665
1440,2020-12-11,0.15409790497568276
1441,2020-12-12,0.13929485443466486
1442,2020-12-13,0.2060285250162443
1443,2020-12-14,0.13291651565074133
1444,2020-12-15,0.14682445672893632
1445,2020-12-16,0.09422375732857506
1446,2020-12-17,0.1368970284237726
1447,2020-12-18,0.13797255451713397
1448,2020-12-19,0.1652909400544959
1449,2020-12-20,0.09538448500651892
1450,2020-12-21,0.1144023805356205
1451,2020-12-22,0.10766633509480883
1452,2020-12-23,0.16376187148457474
1453,2020-12-24,0.17043506763787722
1454,2020-12-25,0.18274560439560442
1455,2020-12-26,0.14180057553956835
1456,2020-12-27,0.16346526315789475
1457,2020-12-28,0.15180797755061134
1458,2020-12-29,0.12167998190454647
1459,2020-12-30,0.13871134603930912
1460,2020-12-31,0.16876805970149253
1461,2021-01-01,0.1641140979689367
1462,2021-01-02,0.1319393099199014
1463,2021-01-03,0.1357886925795053
1464,2021-01-04,0.1312253228665485
1465,2021-01-05,0.1361744481236203
1466,2021-01-06,0.1196681447746884
1467,2021-01-07,0.22061682770146762
1468,2021-01-08,0.1911025003086801
1469,2021-01-09,0.07295659844742414
1470,2021-01-10,0.11079865814696485
1471,2021-01-11,0.09185638603696099
1472,2021-01-12,0.08978607378451013
1473,2021-01-13,0.1342322742857143
1474,2021-01-14,0.1535351266812637
1475,2021-01-15,0.10638223201174743
1476,2021-01-16,0.165752416570771
1477,2021-01-17,0.1175876654314452
1478,2021-01-18,0.17348781808337846
1479,2021-01-19,0.11367815348426932
1480,2021-01-20,0.12776428740811005
1481,2021-01-21,0.14404725738396626
1482,2021-01-22,0.14900555555555556
1483,2021-01-23,0.15582519841269843
1484,2021-01-24,0.13491674132138856
1485,2021-01-25,0.09765101937444598
1486,2021-01-26,0.108538737894408
1487,2021-01-27,0.03683282961016207
1488,2021-01-28,0.06017697082557418
1489,2021-01-29,0.09763512326092262
1490,2021-01-30,0.1723248503611971
1491,2021-01-31,0.2290488877904103
1492,2021-02-01,0.1519266077022296
1493,2021-02-02,0.16774762910798124
1494,2021-02-03,0.10215320400699635
1495,2021-02-04,0.13715339366515836
1496,2021-02-05,0.1845998960931006
1497,2021-02-06,0.1343099257884972
1498,2021-02-07,0.1289965614430665
1499,2021-02-08,0.06888080078125
1500,2021-02-09,0.11140161191593552
1501,2021-02-10,0.09372737578388808
1502,2021-02-11,0.10260166617947968
1503,2021-02-12,0.14337952080706176
1504,2021-02-13,0.15845799839228294
1505,2021-02-14,0.08024000894054537
1506,2021-02-15,0.04981622458001768
1507,2021-02-16,0.12016989219712525
1508,2021-02-17,0.11555997513983841
1509,2021-02-18,0.12228463661453544
1510,2021-02-19,0.10275903062454787
1511,2021-02-20,0.11052832254853161
1512,2021-02-21,0.18523956197576885
1513,2021-02-22,0.09311680459770115
1514,2021-02-23,0.1043510564490697
1515,2021-02-24,0.12537674262734583
1516,2021-02-25,0.15346873822975518
1517,2021-02-26,0.11254766442017197
1518,2021-02-27,0.14603041495668034
1519,2021-02-28,0.12464290827740493
1520,2021-03-01,0.1465741114149009
1521,2021-03-02,0.11720238702201621
1522,2021-03-03,0.09902817182817183
1523,2021-03-04,0.16169163012392754
1524,2021-03-05,0.11842114183764496
1525,2021-03-06,0.12339880952380952
1526,2021-03-07,0.14889378151260504
1527,2021-03-08,0.10674051948051949
1528,2021-03-09,0.1522894434222631
1529,2021-03-10,0.14202685294814113
1530,2021-03-11,0.12536251869578224
1531,2021-03-12,0.12758482057796125
1532,2021-03-13,0.1304710168569875
1533,2021-03-14,0.165883681462141
1534,2021-03-15,0.15752130553037172
1535,2021-03-16,0.14608366976638693
1536,2021-03-17,0.1354795467584624
1537,2021-03-18,0.14769474879364178
1538,2021-03-19,0.15714250637755103
1539,2021-03-20,0.1187307786633967
1540,2021-03-21,0.12270949074074074
1541,2021-03-22,0.13073497363796133
1542,2021-03-23,0.13923033791310804
1543,2021-03-24,0.12079190114068442
1544,2021-03-25,0.13251914375217544
1545,2021-03-26,0.1049140346133045
1546,2021-03-27,0.1279160687593423
1547,2021-03-28,0.1513976236351959
1548,2021-03-29,0.15728227665706052
1549,2021-03-30,0.0952900097943193
1550,2021-03-31,0.12642426185253922
1551,2021-04-01,0.14168327299058653
1552,2021-04-02,0.1502246362754607
1553,2021-04-03,0.1332002478314746
1554,2021-04-04,0.183048986265533
1555,2021-04-05,0.16287096215681424
1556,2021-04-06,0.18316682489451475
1557,2021-04-07,0.1769638147566719
1558,2021-04-08,0.1080476978569913
1559,2021-04-09,0.16040988707075363
1560,2021-04-10,0.19116550843127236
1561,2021-04-11,0.21747122401847574
1562,2021-04-12,0.14354490472245238
1563,2021-04-13,0.13871336494934253
1564,2021-04-14,0.17478618288025163
1565,2021-04-15,0.13837630173564752
1566,2021-04-16,0.14018695960311836
1567,2021-04-17,0.14355084882780922
1568,2021-04-18,0.12845988520408164
1569,2021-04-19,0.13471587344510547
1570,2021-04-20,0.12763734686734338
1571,2021-04-21,0.18616164736164736
1572,2021-04-22,0.1488099971518086
1573,2021-04-23,0.14936159420289855
1574,2021-04-24,0.1060088222122705
1575,2021-04-25,0.12229335147744945
1576,2021-04-26,0.11220029775897195
1577,2021-04-27,0.15309565330557
1578,2021-04-28,0.12746511359260687
1579,2021-04-29,0.11532925106471383
1580,2021-04-30,0.13898085535976504
1581,2021-05-01,0.14342747559274754
1582,2021-05-02,0.14865183086312117
1583,2021-05-03,0.1175116368286445
1584,2021-05-04,0.09528810281517747
1585,2021-05-05,0.1269793922984356
1586,2021-05-06,0.1268686650185414
1587,2021-05-07,0.12453446180555555
1588,2021-05-08,0.11049802867383512
1589,2021-05-09,0.09620648030495553
1590,2021-05-10,0.10078070772371556
1591,2021-05-11,0.11019932531534174
1592,2021-05-12,0.09507068223724648
1593,2021-05-13,0.13355715579710145
1594,2021-05-14,0.12698379237288135
1595,2021-05-15,0.10799264594389689
1596,2021-05-16,0.12345204081632653
1597,2021-05-17,0.13517349053233296
1598,2021-05-18,0.14554860426929392
1599,2021-05-19,0.1388194660358229
1600,2021-05-20,0.128597334320622
1601,2021-05-21,0.12477237876802097
1602,2021-05-22,0.13924225967540574
1603,2021-05-23,0.16255990139687757
1604,2021-05-24,0.12363366990291262
1605,2021-05-25,0.12271635998661759
1606,2021-05-26,0.10638545627376426
1607,2021-05-27,0.09674423195558296
1608,2021-05-28,0.10793400881057269
1609,2021-05-29,0.16295506172839505
1610,2021-05-30,0.11008347622759158
1611,2021-05-31,0.1341371037463977
1612,2021-06-01,0.14363965944272444
1613,2021-06-02,0.14445089201877934
1614,2021-06-03,0.15068819177271384
1615,2021-06-04,0.16047083576855642
1616,2021-06-05,0.11914198836594395
1617,2021-06-06,0.16535708382526562
1618,2021-06-07,0.13312145236508996
1619,2021-06-08,0.142773220747889
1620,2021-06-09,0.16403673795084583
1621,2021-06-10,0.1657718415417559
1622,2021-06-11,0.16979132492113566
1623,2021-06-12,0.14498037084398976
1624,2021-06-13,0.07834895738893925
1625,2021-06-14,0.14356447166921898
1626,2021-06-15,0.16771824900511653
1627,2021-06-16,0.18345036119711045
1628,2021-06-17,0.1648610082304527
1629,2021-06-18,0.13411083032490975
1630,2021-06-19,0.14789589041095888
1631,2021-06-20,0.1346696100917431
1632,2021-06-21,0.16634505851755527
1633,2021-06-22,0.17469870438921206
1634,2021-06-23,0.16902214306916
1635,2021-06-24,0.160277893081761
1636,2021-06-25,0.18463045335085412
1637,2021-06-26,0.15435502512562815
1638,2021-06-27,0.13946718433490884
1639,2021-06-28,0.13741219174286506
1640,2021-06-29,0.14534265198659643
1641,2021-06-30,0.1336004210526316
1642,2021-07-01,0.15396043552728164
1643,2021-07-02,0.15526955284552846
1644,2021-07-03,0.1659550227158001
1645,2021-07-04,0.16662204234122044
1646,2021-07-05,0.18924221996958948
1647,2021-07-06,0.21271312668037323
1648,2021-07-07,0.21117423458068332
1649,2021-07-08,0.14966000000000002
1650,2021-07-09,0.1675861071171819
1651,2021-07-10,0.16555921730175077
1652,2021-07-11,0.14446391061452513
1653,2021-07-12,0.15122344330855017
1654,2021-07-13,0.13462559405042626
1655,2021-07-14,0.11357210258891846
1656,2021-07-15,0.10175472523293402
1657,2021-07-16,0.14029512906846242
1658,2021-07-17,0.11003687768899816
1659,2021-07-18,0.13915375070501976
1660,2021-07-19,0.1488579731743666
1661,2021-07-20,0.14814035208047555
1662,2021-07-21,0.1418790313549832
1663,2021-07-22,0.17272148819461006
1664,2021-07-23,0.14477912322908312
1665,2021-07-24,0.13698935615928545
1666,2021-07-25,0.11392397959183674
1667,2021-07-26,0.05345478971962617
1668,2021-07-27,0.09715178179538092
1669,2021-07-28,0.12808241730599923
1670,2021-07-29,0.14072565806286735
1671,2021-07-30,0.15119247311827957
1672,2021-07-31,0.11918722280887012
1673,2021-08-01,0.14221141257536607
1674,2021-08-02,0.1537490604220873
1675,2021-08-03,0.1275288374567704
1676,2021-08-04,0.15699167171411266
1677,2021-08-05,0.11791198910081745
1678,2021-08-06,0.1428629022082019
1679,2021-08-07,0.15738483908491666
1680,2021-08-08,0.14294628571428572
1681,2021-08-09,0.14787031363967906
1682,2021-08-10,0.1667641458474004
1683,2021-08-11,0.12525406932931424
1684,2021-08-12,0.14450502996575343
1685,2021-08-13,0.16343185048697026
1686,2021-08-14,0.16510595303113051
1687,2021-08-15,0.15927766384306732
1688,2021-08-16,0.1426436883116883
1689,2021-08-17,0.1393314664187776
1690,2021-08-18,0.04289503328213005
1691,2021-08-19,0.07272672868996731
1692,2021-08-20,0.15187493150684933
1693,2021-08-21,0.14691082802547772
1694,2021-08-22,0.18042952332137363
1695,2021-08-23,0.15458722606689737
1696,2021-08-24,0.16479241559676652
1697,2021-08-25,0.15069903436523716
1698,2021-08-26,0.13430298023971493
1699,2021-08-27,0.16367293708504585
1700,2021-08-28,0.13886675531914894
1701,2021-08-29,0.11875374771480804
1702,2021-08-30,0.1411347335215009
1703,2021-08-31,0.14087394144144144
1704,2021-09-01,0.1210725514151904
1705,2021-09-02,0.11010349162011174
1706,2021-09-03,0.10333729409883256
1707,2021-09-04,0.13322352371732818
1708,2021-09-05,0.1526497907949791
1709,2021-09-06,0.1623896725440806
1710,2021-09-07,0.14556848385105944
1711,2021-09-08,0.11131968217934166
1712,2021-09-09,0.12677509912767645
1713,2021-09-10,0.0800047779862414
1714,2021-09-11,0.1098510508215514
1715,2021-09-12,0.13013475519287834
1716,2021-09-13,0.11152323974082075
1717,2021-09-14,0.11400219968387776
1718,2021-09-15,0.14372355229040623
1719,2021-09-16,0.1403288275862069
1720,2021-09-17,0.11397187414500684
1721,2021-09-18,0.10144261548471048
1722,2021-09-19,0.06557766742338252
1723,2021-09-20,0.0951537350392076
1724,2021-09-21,0.11359266808640098
1725,2021-09-22,0.12225598388952819
1726,2021-09-23,0.10742229766431288
1727,2021-09-24,0.1155563582870219
1728,2021-09-25,0.08674596018735363
1729,2021-09-26,0.15787515151515152
1730,2021-09-27,0.12716580444904294
1731,2021-09-28,0.12420085333333333
1732,2021-09-29,0.12841165107153638
1733,2021-09-30,0.15878144978605588
1734,2021-10-01,0.1271538993878094
1735,2021-10-02,0.1386176549865229
1736,2021-10-03,0.1716450489662677
1737,2021-10-04,0.13811386774500478
1738,2021-10-05,0.14127893243940173
1739,2021-10-06,0.12297689142857143
1740,2021-10-07,0.12307018157952308
1741,2021-10-08,0.1406788895486936
1742,2021-10-09,0.15732436162870944
1743,2021-10-10,0.19187109059434507
1744,2021-10-11,0.18274163017851128
1745,2021-10-12,0.10416165078077468
1746,2021-10-13,0.09188230014610728
1747,2021-10-14,0.1573563152114223
1748,2021-10-15,0.15489035626535627
1749,2021-10-16,0.15394613636363635
1750,2021-10-17,0.11923975659229209
1751,2021-10-18,0.14510666666666666
1752,2021-10-19,0.156092
1753,2021-10-20,0.1492658981233244
1754,2021-10-21,0.08818598130841122
1755,2021-10-22,0.11975357337697763
1756,2021-10-23,0.1117359756097561
1757,2021-10-24,0.14460239628040056
1758,2021-10-25,0.1537576355797595
1759,2021-10-26,0.14250404168784953
1760,2021-10-27,0.12548823090320976
1761,2021-10-28,0.07945780358809498
1762,2021-10-29,0.11770427215189874
1763,2021-10-30,0.12812686832740214
1764,2021-10-31,0.09421122881355933
1765,2021-11-01,0.1197991356542617
1766,2021-11-02,0.1621950638092945
1767,2021-11-03,0.13916411662817552
1768,2021-11-04,0.1781329652572044
1769,2021-11-05,0.19949953615279672
1770,2021-11-06,0.1286618398637138
1771,2021-11-07,0.21279976915974147
1772,2021-11-08,0.15482944072469476
1773,2021-11-09,0.2894652851924698
1774,2021-11-10,0.19902614046255038
1775,2021-11-11,0.11411659120310479
1776,2021-11-12,0.1674346463022508
1777,2021-11-13,0.13844306393244873
1778,2021-11-14,0.18392094926350244
1779,2021-11-15,0.12303424918389555
1780,2021-11-16,0.12335416336241078
1781,2021-11-17,0.14543881303477152
1782,2021-11-18,0.12506665575916232
1783,2021-11-19,0.15996616874135547
1784,2021-11-20,0.1596153125
1785,2021-11-21,0.1679134102666136
1786,2021-11-22,0.13410604100946372
1787,2021-11-23,0.15437688649989664
1788,2021-11-24,0.15891272129489126
1789,2021-11-25,0.1912797536945813
1790,2021-11-26,0.13206591737545564
1791,2021-11-27,0.12038814133591481
1792,2021-11-28,0.18743001800180017
1793,2021-11-29,0.1810081570155902
1794,2021-11-30,0.1400483494363929
1795,2021-12-01,0.12855298162673257
1796,2021-12-02,0.1209264995083579
1797,2021-12-03,0.16651771274547555
1798,2021-12-04,0.14000239471511147
1799,2021-12-05,0.1472498665650019
1800,2021-12-06,0.11261193702670386
1801,2021-12-07,0.11048382126348229
1802,2021-12-08,0.1212486318787509
1803,2021-12-09,0.11507238204833141
1804,2021-12-10,0.12559930746112635
1805,2021-12-11,0.11612355936125897
1806,2021-12-12,0.14784773869346735
1807,2021-12-13,0.10894792430397306
1808,2021-12-14,0.11706267981915332
1809,2021-12-15,0.12812723244717109
1810,2021-12-16,0.12767836545644703
1811,2021-12-17,0.11678663112164298
1812,2021-12-18,0.09356665476615494
1813,2021-12-19,0.12792003525264395
1814,2021-12-20,0.15658075560802834
1815,2021-12-21,0.14918700219887612
1816,2021-12-22,0.15006305389221555
1817,2021-12-23,0.1282039524838013
1818,2021-12-24,0.16389399649430325
1819,2021-12-25,0.1435980087118855
1820,2021-12-26,0.1415856420626896
1821,2021-12-27,0.15862082796688132
1822,2021-12-28,0.16418031757110452
1823,2021-12-29,0.18169037243476058
1824,2021-12-30,0.15705939578713968
1825,2021-12-31,0.17091247868106876
1826,2022-01-01,0.13508562874251498
1827,2022-01-02,0.16352767220902611
1828,2022-01-03,0.15239713204540928
1829,2022-01-04,0.16317786297303982
1830,2022-01-05,0.1372319343444837
1831,2022-01-06,0.13874569128787878
1832,2022-01-07,0.139388178613396
1833,2022-01-08,0.1549017903930131
1834,2022-01-09,0.16041151767151765
1835,2022-01-10,0.11846759314015375
1836,2022-01-11,0.159772040946897
1837,2022-01-12,0.13088689643689644
1838,2022-01-13,0.07158077051367578
1839,2022-01-14,0.06644972415020466
1840,2022-01-15,0.057422525008623666
1841,2022-01-16,0.02278960890665144
1842,2022-01-17,0.02255764825655383
1843,2022-01-18,0.06835300143413235
1844,2022-01-19,0.09911414534288639
1845,2022-01-20,0.0839983492296405
1846,2022-01-21,0.09408932372124958
1847,2022-01-22,0.07736545064377683
1848,2022-01-23,0.08592728847105394
1849,2022-01-24,0.07260643759337226
1850,2022-01-25,0.08644019388516033
1851,2022-01-26,0.10442725354813963
1852,2022-01-27,0.09925491966620999
1853,2022-01-28,0.1146047014059074
1854,2022-01-29,0.11207825526428879
1855,2022-01-30,0.1369755389221557
1856,2022-01-31,0.15651889178133135
1857,2022-02-01,0.10431829433378456
1858,2022-02-02,0.12481285246923197
1859,2022-02-03,0.121116976407012
1860,2022-02-04,0.12279527824620573
1861,2022-02-05,0.10192108985024959
1862,2022-02-06,0.1051035439137134
1863,2022-02-07,0.12911530944625407
1864,2022-02-08,0.12173441939761317
1865,2022-02-09,0.12733850528025994
1866,2022-02-10,0.1584933874433039
1867,2022-02-11,0.14729701155198394
1868,2022-02-12,0.1210410866636731
1869,2022-02-13,0.15274272595456742
1870,2022-02-14,0.13483419444444444
1871,2022-02-15,0.14760755494505495
1872,2022-02-16,0.14203527305282004
1873,2022-02-17,0.17903317757009346
1874,2022-02-18,0.07135873054474708
1875,2022-02-19,0.11961383824216924
1876,2022-02-20,0.1322839102320274
1877,2022-02-21,0.13026072926750565
1878,2022-02-22,0.12530163545863948
1879,2022-02-23,0.11797988851727984
1880,2022-02-24,0.12306469835855895
1881,2022-02-25,0.13460685089234312
1882,2022-02-26,0.1117837463250735
1883,2022-02-27,0.10289256268593286
1884,2022-02-28,0.10415178923640463
1885,2022-03-01,0.08432033195020747
1886,2022-03-02,0.11559687563400285
1887,2022-03-03,0.12053253093363331
1888,2022-03-04,0.15193063022362774
1889,2022-03-05,0.3363857546201232
1890,2022-03-06,0.19816080614203455
1891,2022-03-07,0.10596024040684235
1892,2022-03-08,0.11374473684210526
1893,2022-03-09,0.10038885077186964
1894,2022-03-10,0.1355289014821273
1895,2022-03-11,0.12005332929782081
1896,2022-03-12,0.08298922087745839
1897,2022-03-13,0.12328462715105162
1898,2022-03-14,0.10578349282296651
1899,2022-03-15,0.11904102056962025
1900,2022-03-16,0.14587404802328402
1901,2022-03-17,0.15891724049331962
1902,2022-03-18,0.16388016226118818
1903,2022-03-19,0.14405943877551022
1904,2022-03-20,0.1313820189274448
1905,2022-03-21,0.13406832884097036
1906,2022-03-22,0.1548775158658205
1907,2022-03-23,0.1558245506829619
1908,2022-03-24,0.1305759842519685
1909,2022-03-25,0.1382669337442219
1910,2022-03-26,0.14332353923205343
1911,2022-03-27,0.16294468085106384
1912,2022-03-28,0.1436657216972392
1913,2022-03-29,0.16515653273809522
1914,2022-03-30,0.1497101635677338
1915,2022-03-31,0.15248088647512265
1916,2022-04-01,0.12981078743741464
1917,2022-04-02,0.14193172588832487
1918,2022-04-03,0.1712914514692787
1919,2022-04-04,0.12044863990869316
1920,2022-04-05,0.12382870782940801
1921,2022-04-06,0.1117279185520362
1922,2022-04-07,0.10751223842739378
1923,2022-04-08,0.1329436217474085
1924,2022-04-09,0.14911044045677
1925,2022-04-10,0.14630003805175038
1926,2022-04-11,0.12923183151718357
1927,2022-04-12,0.1011868905950096
1928,2022-04-13,0.11404444884227193
1929,2022-04-14,0.12741529436413157
1930,2022-04-15,0.13144407185628743
1931,2022-04-16,0.13745451158940397
1932,2022-04-17,0.14271158438205872
1933,2022-04-18,0.12999121031746033
1934,2022-04-19,0.12334651879235982
